"regional";"endereco";"bairro";"localidade";"descricao";"latitude";"longitude"
"Sul";"Rua Doutor Cézar Montezuma 46";"Ibura";"Lagoa Encantada";"Área de Risco Nível 3";" -8.128689";"-34.950349"
"Sul";"Rua Doutor Cézar Montezuma 76";"Ibura";"Lagoa Encantada";"Área de Risco Nível 3";" -8.128733";"-34.950666"
"Sul";"Rua Doutor Cézar Montezuma 86";"Ibura";"Lagoa Encantada";"Área de Risco Nível 3";" -8.128687";"-34.950784"
"Sul";"Rua Doutor Cézar Montezuma 56";"Ibura";"Lagoa Encantada";"Deslizamento";" -8.128698";"-34.950476"
"Sul";"Rua Doutor Cézar Montezuma 95";"Ibura";"Lagoa Encantada";"Área de Risco Nível 3";" -8.128669";"-34.950856"
"Sul";"Rua Doutor Cézar Montezuma 106";"Ibura";"Lagoa Encantada";"Ponto de Colocação de Lona";" -8.128650";"-34.950947"
"Sul";"Rua Doutor Cézar Montezuma 126A";"Ibura";"Lagoa Encantada";"Área de Risco Nível 3";" -8.128613";"-34.951119"
"Sul";"Rua Doutor Cézar Montezuma126B";"Ibura";"Lagoa Encantada";"Área de Risco Nível 3";" -8.128604";"-34.951174"
"Sul";"1 Travessa Doutor Cézar Montezuma 60";"Ibura";"Lagoa Encantada";"Área de Risco Nível 3";" -8.128322";"-34.951426"
"Sul";"1 Travessa Doutor Cézar Montezuma 61";"Ibura";"Lagoa Encantada";"Área de Risco Nível 3";" -8.128313";"-34.951417"
"Sul";"Rua Doutor Cézar Montezuma 129";"Ibura";"Lagoa Encantada";"Ponto de Colocação de Lona";" -8.128603";"-34.951400"
"Sul";"Rua Doutor Cézar Montezuma 136";"Ibura";"Lagoa Encantada";"Área de Risco Nível 3";" -8.128666";"-34.951455"
"Sul";"Rua Doutor Cézar Montezuma 140";"Ibura";"Lagoa Encantada";"Área de Risco Nível 3";" -8.128620";"-34.951500"
"Sul";"Rua Doutor Cézar Montezuma 146";"Ibura";"Lagoa Encantada";"Área de Risco Nível 3";" -8.128584";"-34.951546"
"Sul";"Rua Doutor Cézar Montezuma 142";"Ibura";"Lagoa Encantada";"Área de Risco Nível 3";" -8.128629";"-34.951600"
"Sul";"Rua Doutor Cézar Montezuma 145";"Ibura";"Lagoa Encantada";"Área de Risco Nível 3";" -8.128565";"-34.951636"
"Sul";"Rua Doutor Cézar Montezuma 147";"Ibura";"Lagoa Encantada";"Ponto de Colocação de Lona";" -8.128637";"-34.951700"
"Sul";"Rua Doutor Cézar Montezuma 149";"Ibura";"Lagoa Encantada";"Deslizamento";" -8.128583";"-34.951745"
"Sul";"Rua Doutor Cézar Montezuma 150A";"Ibura";"Lagoa Encantada";"Área de Risco Nível 3";" -8.128601";"-34.951782"
"Sul";"Rua Doutor Cézar Montezuma 150B";"Ibura";"Lagoa Encantada";"Área de Risco Nível 3";" -8.128591";"-34.951863"
"Sul";"Rua Doutor Cézar Montezuma 154";"Ibura";"Lagoa Encantada";"Ponto de Colocação de Lona";" -8.128546";"-34.951972"
"Sul";"Rua Doutor Cézar Montezuma 155";"Ibura";"Lagoa Encantada";"Área de Risco Nível 3";" -8.128636";"-34.952063"
"Sul";"Rua Doutor Cézar Montezuma 157";"Ibura";"Lagoa Encantada";"Área de Risco Nível 3";" -8.128617";"-34.952144"
"Sul";"1 Travessa Doutor Cézar Montezuma 50";"Ibura";"Lagoa Encantada";"Área de Risco Nível 3";" -8.128315";"-34.951100"
"Sul";"1 Travessa Doutor Cézar Montezuma 53";"Ibura";"Lagoa Encantada";"Área de Risco Nível 3";" -8.128352";"-34.950846"
"Sul";"1 Travessa Doutor Cézar Montezuma 79";"Ibura";"Lagoa Encantada";"Área de Risco Nível 3";" -8.128362";"-34.950674"
"Sul";"1 Travessa Doutor Cézar Montezuma 80";"Ibura";"Lagoa Encantada";"Área de Risco Nível 3";" -8.128380";"-34.950628"
"Sul";"1 Travessa Doutor Cézar Montezuma 150";"Ibura";"Lagoa Encantada";"Área de Risco Nível 3";" -8.128188";"-34.951217"
"Sul";"1 Travessa Doutor Cézar Montezuma 155";"Ibura";"Lagoa Encantada";"Área de Risco Nível 3";" -8.128153";"-34.951017"
"Sul";"1 Travessa Doutor Cézar Montezuma 65";"Ibura";"Lagoa Encantada";"Área de Risco Nível 3";" -8.128126";"-34.950890"
"Sul";"Rua Bonerges Pereira n 15B";"Jordão";"Jordão Baixo";"Área de Risco Nível 3";" -8.136769";"-34.939501"
"Sul";"Rua Bonerges Pereira n 16B";"Jordão";"Jordão Baixo";"Área de Risco Nível 3";" -8.136778";"-34.939492"
"Sul";"Rua Bonerges Pereira n 16";"Jordão";"Jordão Baixo";"Área de Risco Nível 3";" -8.136968";"-34.939429"
"Sul";"Rua Bonerges Pereira n 89";"Jordão";"Jordão Baixo";"Área de Risco Nível 3";" -8.136969";"-34.939356"
"Sul";"Rua Bonerges Pereira n 20C";"Jordão";"Jordão Baixo";"Área de Risco Nível 3";" -8.136969";"-34.939320"
"Sul";"Rua Bonerges Pereira n 11BCD e E";"Jordão";"Jordão Baixo";"Área de Risco Nível 3";" -8.136951";"-34.939284"
"Sul";"Rua Bonerges Pereira n 09";"Jordão";"Jordão Baixo";"Área de Risco Nível 3";" -8.136662";"-34.939237"
"Sul";"Rua Bonerges Pereira n 85";"Jordão";"Jordão Baixo";"Área de Risco Nível 3";" -8.136970";"-34.939048"
"Sul";"Rua Bonerges Pereira n 84";"Jordão";"Jordão Baixo";"Área de Risco Nível 3";" -8.136961";"-34.938975"
"Sul";"Rua Bonerges Pereira n 83";"Jordão";"Jordão Baixo";"Área de Risco Nível 3";" -8.136943";"-34.938930"
"Sul";"Rua Bonerges Pereira n 82";"Jordão";"Jordão Baixo";"Área de Risco Nível 3";" -8.136926";"-34.938857"
"Sul";"Rua Bonerges Pereira n 81AB e C";"Jordão";"Jordão Baixo";"Área de Risco Nível 3";" -8.136917";"-34.938785"
"Sul";"Rua Bonerges Pereira n S/N Em Const,";"Jordão";"Jordão Baixo";"Área de Risco Nível 3";" -8.136936";"-34.938694"
"Sul";"Rua Bonerges Pereira n 24";"Jordão";"Jordão Baixo";"Área de Risco Nível 3";" -8.137098";"-34.940573"
"Sul";"Rua Bonerges Pereira n 24A";"Jordão";"Jordão Baixo";"Área de Risco Nível 3";" -8.137098";"-34.940564"
"Sul";"Rua Bonerges Pereira n 25A";"Jordão";"Jordão Baixo";"Área de Risco Nível 3";" -8.137081";"-34.940500"
"Sul";"Rua Bonerges Pereira n 127";"Jordão";"Jordão Baixo";"Área de Risco Nível 3";" -8.137072";"-34.940418"
"Sul";"Rua Bonerges Pereira n 23C";"Jordão";"Jordão Baixo";"Área de Risco Nível 3";" -8.137072";"-34.940328"
"Sul";"Rua Bonerges Pereira n 22A";"Jordão";"Jordão Baixo";"Área de Risco Nível 3";" -8.137046";"-34.940182"
"Sul";"Rua Bonerges Pereira n Entre 22A e 22B";"Jordão";"Jordão Baixo";"Área de Risco Nível 3";" -8.137046";"-34.940110"
"Sul";"Rua Bonerges Pereira n 21B";"Jordão";"Jordão Baixo";"Área de Risco Nível 3";" -8.137047";"-34.940074"
"Sul";"Rua Bonerges Pereira n 21";"Jordão";"Jordão Baixo";"Área de Risco Nível 3";" -8.137051";"-34.939121"
"Sul";"Rua Bonerges Pereira n 21A";"Jordão";"Jordão Baixo";"Área de Risco Nível 3";" -8.137056";"-34.939992"
"Sul";"Rua Bonerges Pereira n 20D";"Jordão";"Jordão Baixo";"Área de Risco Nível 3";" -8.137057";"-34.939874"
"Sul";"Rua Bonerges Pereira n 19A";"Jordão";"Jordão Baixo";"Área de Risco Nível 3";" -8.136984";"-34.939846"
"Sul";"Rua Bonerges Pereira n 14A";"Jordão";"Jordão Baixo";"Área de Risco Nível 3";" -8.137013";"-34.939583"
"Sul";"Rua Bonerges Pereira n 15A";"Jordão";"Jordão Baixo";"Área de Risco Nível 3";" -8.136995";"-34.939529"
"Sul";"Rua Bonerges Pereira n 1080";"Jordão";"Jordão Baixo";"Área de Risco Nível 3";" -8.138010";"-34.944714"
"Sul";"Rua Bonerges Pereira n 1080A";"Jordão";"Jordão Baixo";"Área de Risco Nível 3";" -8.137992";"-34.944705"
"Sul";"Rua Bonerges Pereira n 1076";"Jordão";"Jordão Baixo";"Área de Risco Nível 3";" -8.137974";"-34.944678"
"Sul";"Rua Bonerges Pereira n 1074";"Jordão";"Jordão Baixo";"Área de Risco Nível 3";" -8.137965";"-34.944660"
"Sul";"Rua Bonerges Pereira n 1072";"Jordão";"Jordão Baixo";"Área de Risco Nível 3";" -8.137893";"-34.944523"
"Sul";"Rua Bonerges Pereira n 1070";"Jordão";"Jordão Baixo";"Área de Risco Nível 3";" -8.137848";"-34.944459"
"Sul";"Rua Bonerges Pereira n 1068";"Jordão";"Jordão Baixo";"Área de Risco Nível 3";" -8.137794";"-34.944432"
"Sul";"Rua Bonerges Pereira n 1066";"Jordão";"Jordão Baixo";"Área de Risco Nível 3";" -8.137731";"-34.944377"
"Sul";"Rua Bonerges Pereira n 1040";"Jordão";"Jordão Baixo";"Área de Risco Nível 3";" -8.137659";"-34.944304"
"Sul";"Rua Bonerges Pereira n 1040A";"Jordão";"Jordão Baixo";"Área de Risco Nível 3";" -8.137641";"-34.944304"
"Sul";"Rua Bonerges Pereira n 1054";"Jordão";"Jordão Baixo";"Área de Risco Nível 3";" -8.137578";"-34.944259"
"Sul";"Rua Bonerges Pereira n 1050";"Jordão";"Jordão Baixo";"Área de Risco Nível 3";" -8.137524";"-34.944158"
"Sul";"Rua Bonerges Pereira n 1050A";"Jordão";"Jordão Baixo";"Área de Risco Nível 3";" -8.137515";"-34.944149"
"Sul";"Rua Bonerges Pereira n 1071";"Jordão";"Jordão Baixo";"Área de Risco Nível 3";" -8.137524";"-34.944140"
"Sul";"Rua Bonerges Pereira n 1069A";"Jordão";"Jordão Baixo";"Área de Risco Nível 3";" -8.137524";"-34.944131"
"Sul";"Rua Bonerges Pereira n 1069";"Jordão";"Jordão Baixo";"Área de Risco Nível 3";" -8.137498";"-34.944049"
"Sul";"Rua Bonerges Pereira n 1069AB";"Jordão";"Jordão Baixo";"Área de Risco Nível 3";" -8.137462";"-34.943986"
"Sul";"Rua Bonerges Pereira n 1069B";"Jordão";"Jordão Baixo";"Área de Risco Nível 3";" -8.137444";"-34.943931"
"Sul";"Rua Bonerges Pereira n 106916026";"Jordão";"Jordão Baixo";"Área de Risco Nível 3";" -8.137079";"-34.940745"
"Sul";"Rua Bonerges Pereira n 25-Q-2A";"Jordão";"Jordão Baixo";"Área de Risco Nível 3";" -8.137107";"-34.940673"
"Sul";"Rua Dezessete n 15";"Jordão";"Jordão Baixo";"Área de Risco Nível 3";" -8.137191";"-34.943867"
"Sul";"Rua Dezessete n 25";"Jordão";"Jordão Baixo";"Área de Risco Nível 3";" -8.137191";"-34.943876"
"Sul";"Rua Dezessete n 35";"Jordão";"Jordão Baixo";"Área de Risco Nível 3";" -8.137110";"-34.943866"
"Sul";"Rua Dezessete n 45";"Jordão";"Jordão Baixo";"Área de Risco Nível 3";" -8.137046";"-34.943875"
"Sul";"Rua Dezessete n 55";"Jordão";"Jordão Baixo";"Área de Risco Nível 3";" -8.136983";"-34.943884"
"Sul";"Rua Rio Espera613";"Ibura";"Ibura de Baixo";"Ponto de Colocação de Lona";" -8.122101";"-34.938514"
"Sul";"Rua Rio Espera76";"Ibura";"Ibura de Baixo";"Área de Risco Nível 3";" -8.121982";"-34.938722"
"Sul";"segunda travessa cândido mendes600";"Ibura";"Alto da bela vista";"Área de Risco Nível 3";" -8.121910";"-34.938731"
"Sul";"Rua cândido Mendes20";"Ibura";"Ibura de Baixo";"Área de Risco Nível 3";" -8.121963";"-34.938976"
"Sul";"Rua Cândido Mendes619";"Ibura";"Alto da bela vista";"Área de Risco Nível 3";" -8.121945";"-34.939003"
"Sul";"Rua Cândido Mendes21";"Ibura";"Alto da bela vista";"Área de Risco Nível 3";" -8.121855";"-34.938966"
"Sul";"Rua Cândido Mendes13";"Ibura";"Alto da bela vista";"Área de Risco Nível 3";" -8.121801";"-34.938948"
"Sul";"Rua Cândido Mendes12";"Ibura";"Alto da bela vista";"Área de Risco Nível 3";" -8.121746";"-34.939029"
"Sul";"Rua Cândido Mendess\n";"Ibura";"Alto da bela vista";"Área de Risco Nível 3";" -8.121620";"-34.938929"
"Sul";"Rua Francisco Beltrãos\n";"Ibura";"Alto da bela vista";"Ponto de Colocação de Lona";" -8.121421";"-34.938855"
"Sul";"Rua Cândido Mendes10";"Ibura";"Alto da bela vista";"Área de Risco Nível 3";" -8.121565";"-34.939001"
"Sul";"Rua Cândido Mendes11";"Ibura";"Alto da bela vista";"Ponto de Colocação de Lona";" -8.121457";"-34.939046"
"Sul";"Rua Cândido Mendes10";"Ibura";"Alto da bela vista";"Ponto de Colocação de Lona";" -8.121502";"-34.939037"
"Sul";"Rua Cândido Mendess\n";"Ibura";"Alto da bela vista";"Área de Risco Nível 3";" -8.121275";"-34.939181"
"Sul";"Rua Cândido Mendes145";"Ibura";"Alto da bela vista";"Ponto de Colocação de Lona";" -8.121275";"-34.939109"
"Sul";"Rua Cândido Mendes137";"Ibura";"Alto da bela vista";"Área de Risco Nível 3";" -8.121275";"-34.939109"
"Sul";"Rua Cândido Mendes12";"Ibura";"Alto da bela vista";"Ponto de Colocação de Lona";" -8.121275";"-34.939118"
"Sul";"Rua Cândido Mendess\n";"Ibura";"Alto da bela vista";"Ponto de Colocação de Lona";" -8.121329";"-34.939227"
"Sul";"Rua Cândido Mendes15";"Ibura";"Alto da bela vista";"Área de Risco Nível 3";" -8.121121";"-34.939235"
"Sul";"Rua Visconde de Azuara11";"Ibura";"Alto da bela vista";"Ponto de Colocação de Lona";" -8.122492";"-34.940031"
"Sul";"Rua Viscode de Azuara12";"Ibura";"Alto da bela vista";"Área de Risco Nível 3";" -8.122564";"-34.939959"
"Sul";"Rua Visconde de Azuara48";"Ibura";"Alto da bela vista";"Área de Risco Nível 3";" -8.122564";"-34.939968"
"Sul";"Rua Visconde de Azuara46";"Ibura";"Alto da bela vista";"Área de Risco Nível 3";" -8.122519";"-34.939895"
"Sul";"Rua Visconde de Azuara04";"Ibura";"Alto da bela vista";"Área de Risco Nível 3";" -8.122592";"-34.939886"
"Sul";"Rua Visconde de Azuara06";"Ibura";"Alto da bela vista";"Ponto de Colocação de Lona";" -8.122538";"-34.939831"
"Sul";"Rua Visconde de Azuara06";"Ibura";"Alto da bela vista";"Ponto de Colocação de Lona";" -8.122674";"-34.939787"
"Sul";"Rua Visconde de Azuara136";"Ibura";"Alto da bela vista";"Área de Risco Nível 3";" -8.122646";"-34.939805"
"Sul";"Rua Visconde de Azuara04";"Ibura";"Alto da bela vista";"Área de Risco Nível 3";" -8.122864";"-34.939597"
"Sul";"Rua Duque Bacelar203";"Ibura";"Alto da bela vista";"Área de Risco Nível 3";" -8.122936";"-34.939788"
"Sul";"Rua Visconde de Azuaras\n";"Ibura";"Alto da bela vista";"Área de Risco Nível 3";" -8.122874";"-34.939416"
"Sul";"Rua Rio Espera409";"Ibura";"Alto da bela vista";"Área de Risco Nível 3";" -8.122993";"-34.939062"
"Sul";"Travessa Rio Espera04";"Ibura";"Alto da bela vista";"Área de Risco Nível 3";" -8.122885";"-34.939125"
"Sul";"Travessa Rio Espera110";"Ibura";"Alto da bela vista";"Área de Risco Nível 3";" -8.122866";"-34.939134"
"Sul";"Rua Rio Espera128";"Ibura";"Alto da bela vista";"Área de Risco Nível 3";" -8.123083";"-34.939126"
"Sul";"Rua Rio Espera124";"Ibura";"Ibura de Baixo";"Área de Risco Nível 3";" -8.122867";"-34.939016"
"Sul";"Rua Rio Espera640-A";"Ibura";"Ibura de Baixo";"Ponto de Colocação de Lona";" -8.122831";"-34.939007"
"Sul";"Rua Rio Espera638";"Ibura";"Ibura de Baixo";"Área de Risco Nível 3";" -8.122696";"-34.938961"
"Sul";"Rua Rio Espera633-ab";"Ibura";"Ibura de Baixo";"Área de Risco Nível 3";" -8.122569";"-34.938852"
"Sul";"Rua Rio Espera617";"Ibura";"Ibura de Baixo";"Área de Risco Nível 3";" -8.122227";"-34.938596"
"Sul";"Rua Cândido Mendes16";"Ibura";"Alto da bela vista";"Área de Risco Nível 3";" -8.121167";"-34.939199"
"Sul";"FLOR DE MARIA N38";"Ibura";"UR-05";"Área de Risco Nível 3";" -8.131105";"-34.953663"
"Sul";"FLOR DE MARIA NS/N";"Ibura";"UR-05";"Área de Risco Nível 3";" -8.131123";"-34.953599"
"Sul";"FLOR DE MARIA N42";"Ibura";"UR-05";"Área de Risco Nível 3";" -8.130889";"-34.953544"
"Sul";"FLOR DE MARIA N60 A";"Ibura";"UR-05";"Área de Risco Nível 3";" -8.130889";"-34.953498"
"Sul";"FLOR DE MARIA N70 A";"Ibura";"UR-05";"Área de Risco Nível 3";" -8.130744";"-34.953479"
"Sul";"FLOR DE MARIA N88";"Ibura";"UR-05";"Área de Risco Nível 3";" -8.130564";"-34.953406"
"Sul";"FLOR DE MARIA N 90";"Ibura";"UR-05";"Área de Risco Nível 3";" -8.130528";"-34.953415"
"Sul";"FLOR DE MARIA N90 A";"Ibura";"UR-05";"Área de Risco Nível 3";" -8.130538";"-34.953252"
"Sul";"FLOR DE MARIA N 23";"Ibura";"UR-05";"Área de Risco Nível 3";" -8.130520";"-34.953233"
"Sul";"FLOR DE MARIA N90 B";"Ibura";"UR-05";"Área de Risco Nível 3";" -8.130447";"-34.953369"
"Sul";"FLOR DE MARIA N101 A";"Ibura";"UR-05";"Área de Risco Nível 3";" -8.130302";"-34.953377"
"Sul";"FLOR DE MARIA N 140C";"Ibura";"UR-05";"Área de Risco Nível 3";" -8.130085";"-34.953295"
"Sul";"FLOR DE MARIA N 103 A";"Ibura";"UR-05";"Área de Risco Nível 3";" -8.129995";"-34.953176"
"Sul";"FLOR DE MARIA N140D";"Ibura";"UR-05";"Área de Risco Nível 3";" -8.129959";"-34.953140"
"Sul";"FLOR DE MARIA N140A";"Ibura";"UR-05";"Área de Risco Nível 3";" -8.129996";"-34.952968"
"Sul";"FLOR DE MARIA N25";"Ibura";"UR-05";"Área de Risco Nível 3";" -8.130096";"-34.952977"
"Sul";"FLOR DE MARIA N23";"Ibura";"UR-05";"Área de Risco Nível 3";" -8.130195";"-34.953041"
"Sul";"PERSEGUEIROS N240";"Ibura";"UR-05";"Área de Risco Nível 3";" -8.130778";"-34.954024"
"Sul";"PERSEGUEIROS N43";"Ibura";"UR-05";"Área de Risco Nível 3";" -8.131129";"-34.954334"
"Sul";"CANDIDO MENDES N16";"Ibura";"Alto da bela vista";"Área de Risco Nível 4";" -8.121166";"-34.939290"
"Sul";"CANDIDO MENDES N11";"Ibura";"Alto da bela vista";"Área de Risco Nível 3";" -8.121583";"-34.938992"
"Sul";"AFONSO CUNHA N51";"Ibura";"Alto da bela vista";"Área de Risco Nível 4";" -8.123472";"-34.943047"
"Sul";"RIO ESPERA N127";"Ibura";"Alto da bela vista";"Área de Risco Nível 4";" -8.123002";"-34.939053"
"Sul";"RUA SÃO JOSÉ DO EGITO N 84";"Jordão";"Jordão Baixo";"Área de Risco Nível 3";" -8.135300";"-34.938559"
"Sul";"RUA SÃO JOSÉ DO EGITO Q-Z-N19";"Jordão";"Jordão Baixo";"Área de Risco Nível 3";" -8.135417";"-34.938551"
"Sul";"RUA SÃO JOSÉ DO EGITO N18";"Jordão";"Jordão Baixo";"Área de Risco Nível 3";" -8.135472";"-34.938524"
"Sul";"RUA SÃO JOSÉ DO EGITO N 17";"Jordão";"Jordão Baixo";"Área de Risco Nível 3";" -8.135544";"-34.938524"
"Sul";"RUA SÃO JOSÉ DO EGITO N 16";"Jordão";"Jordão Baixo";"Área de Risco Nível 3";" -8.135607";"-34.938515"
"Sul";"RUA SÃO JOSÉ DO EGITO N 15";"Jordão";"Jordão Baixo";"Área de Risco Nível 3";" -8.135689";"-34.938525"
"Sul";"RUA SÃO JOSÉ DO EGITOQ-Z-24 N 14";"Jordão";"Jordão Baixo";"Área de Risco Nível 3";" -8.135716";"-34.938525"
"Sul";"RUA SÃO JOSÉ DO EGITO N 13";"Jordão";"Jordão Baixo";"Área de Risco Nível 3";" -8.135834";"-34.938489"
"Sul";"RUA SÃO JOSÉ DO EGITO N 12";"Jordão";"Jordão Baixo";"Área de Risco Nível 3";" -8.135870";"-34.938498"
"Sul";"RUA SÃO JOSÉ DO EGITO N 11";"Jordão";"Jordão Baixo";"Área de Risco Nível 3";" -8.135987";"-34.938454"
"Sul";"RUA SÃO JOSÉ DO EGITO N 10";"Jordão";"Jordão Baixo";"Área de Risco Nível 3";" -8.136051";"-34.938481"
"Sul";"RUA SÃO JOSÉ DO EGITO N 09";"Jordão";"Jordão Baixo";"Área de Risco Nível 3";" -8.136132";"-34.938463"
"Sul";"RUA SÃO JOSÉ DO EGITOQ-24 N 08";"Jordão";"Jordão Baixo";"Área de Risco Nível 3";" -8.136186";"-34.938500"
"Sul";"RUA SÃO JOSÉ DO EGITOQ-24 N 07";"Jordão";"Jordão Baixo";"Área de Risco Nível 3";" -8.136277";"-34.938491"
"Sul";"RUA SÃO JOSÉ DO EGITO N 06";"Jordão";"Jordão Baixo";"Área de Risco Nível 3";" -8.136340";"-34.938473"
"Sul";"RUA SÃO JOSÉ DO EGITO N 05";"Jordão";"Jordão Baixo";"Área de Risco Nível 3";" -8.136421";"-34.938483"
"Sul";"RUA SÃO JOSÉ DO EGITO N 04";"Jordão";"Jordão Baixo";"Área de Risco Nível 3";" -8.136476";"-34.938429"
"Sul";"RUA SÃO JOSÉ DO EGITO N 03";"Jordão";"Jordão Baixo";"Área de Risco Nível 3";" -8.136548";"-34.938447"
"Sul";"RUA SÃO JOSÉ DO EGITO N 02";"Jordão";"Jordão Baixo";"Área de Risco Nível 3";" -8.136611";"-34.938429"
"Sul";"AVENIDA MARIA IRENE N 808";"Jordão";"Jordão Baixo";"Área de Risco Nível 3";" -7.236670";"-34.925088"
"Sul";"RUA CAFARNAUM N 152";"Jordão";"Jordão Baixo";"Área de Risco Nível 3";" -8.131538";"-34.929287"
"Sul";"RUA CAFARNAUM POR TRÁS DO  N 152";"Jordão";"Jordão Baixo";"Área de Risco Nível 3";" -8.131303";"-34.929359"
"Sul";"2 TRAVESSA BONERGES PEREIRA M537";"Jordão";"Jordão Baixo";"Área de Risco Nível 3";" -8.136392";"-34.940914"
"Sul";"Rua Serra Talhada N 12";"Jordão";"Jordão Alto";"Área de Risco Nível 3";" -8.134205";"-34.946356"
"Sul";"Rua Serra Talhada N 13";"Jordão";"Jordão Alto";"Área de Risco Nível 3";" -8.134141";"-34.946401"
"Sul";"Rua Serra Talhada N 14";"Jordão";"Jordão Alto";"Área de Risco Nível 3";" -8.134105";"-34.946437"
"Sul";"Rua Serra Talhada N 15";"Jordão";"Jordão Alto";"Área de Risco Nível 3";" -8.134051";"-34.946482"
"Sul";"Rua Serra Talhada N 16";"Jordão";"Jordão Alto";"Área de Risco Nível 3";" -8.134014";"-34.946537"
"Sul";"Rua Serra TalhadaQ,X12 N 16";"Jordão";"Jordão Alto";"Área de Risco Nível 3";" -8.133951";"-34.946473"
"Sul";"Rua Serra Talhada N 17";"Jordão";"Jordão Alto";"Área de Risco Nível 3";" -8.133888";"-34.946500"
"Sul";"Rua Serra Talhada N 19";"Jordão";"Jordão Alto";"Área de Risco Nível 3";" -8.133734";"-34.946508"
"Sul";"Rua Serra Talhada N 20";"Jordão";"Jordão Alto";"Área de Risco Nível 3";" -8.133689";"-34.946490"
"Sul";"Rua Serra Talhada N 137";"Jordão";"Jordão Alto";"Área de Risco Nível 3";" -8.133626";"-34.946444"
"Sul";"Rua Serra Talhada N ao lado do 137";"Jordão";"Jordão Alto";"Área de Risco Nível 3";" -8.133527";"-34.946407"
"Sul";"Rua Serra Talhada N S/N";"Jordão";"Jordão Alto";"Área de Risco Nível 3";" -8.133418";"-34.946334"
"Sul";"Rua Serra Talhada N S/N";"Jordão";"Jordão Alto";"Área de Risco Nível 3";" -8.133301";"-34.946297"
"Sul";"PARAÍSO N 420";"Ibura";"UR-05";"Área de Risco Nível 2";" -8.130602";"-34.954794"
"Sul";"PARAÍSO N 410";"Ibura";"UR-05";"Área de Risco Nível 2";" -8.130494";"-34.954812"
"Sul";"PARAÍSO N325";"Ibura";"UR-05";"Área de Risco Nível 3";" -8.129519";"-34.954499"
"Sul";"PARAÍSO N 306";"Ibura";"UR-05";"Área de Risco Nível 4";" -8.129565";"-34.954435"
"Sul";"PARAÍSO N 300";"Ibura";"UR-05";"Área de Risco Nível 3";" -8.129393";"-34.954380"
"Sul";"CANADÁ N 170";"Ibura";"UR-05";"Área de Risco Nível 3";" -8.129543";"-34.955116"
"Sul";"CANADÁ N 160";"Ibura";"UR-05";"Área de Risco Nível 3";" -8.129543";"-34.955116"
"Sul";"CANADÁ N 158";"Ibura";"UR-05";"Área de Risco Nível 3";" -8.129534";"-34.955143"
"Sul";"CANADÁ N 357";"Ibura";"UR-05";"Área de Risco Nível 3";" -8.129615";"-34.955116"
"Sul";"CANADÁ N 236";"Ibura";"UR-05";"Área de Risco Nível 2";" -8.129733";"-34.955126"
"Sul";"CANADÁ N 125";"Ibura";"UR-05";"Área de Risco Nível 3";" -8.129823";"-34.955235"
"Sul";"CANADÁ N 120";"Ibura";"UR-05";"Área de Risco Nível 2";" -8.129823";"-34.955208"
"Sul";"CANADÁ N 45";"Ibura";"UR-05";"Área de Risco Nível 2";" -8.130328";"-34.955437"
"Sul";"CANADÁ N 55";"Ibura";"UR-05";"Área de Risco Nível 3";" -8.130400";"-34.955446"
"Sul";"BOM DESTINO N 290";"Ibura";"UR-05";"Área de Risco Nível 3";" -8.131273";"-34.956376"
"Sul";"BOM DESTINO N 105";"Ibura";"UR-05";"Área de Risco Nível 2";" -8.131481";"-34.956431"
"Sul";"BOM DESTINO N S/N";"Ibura";"UR-05";"Área de Risco Nível 2";" -8.131742";"-34.956659"
"Sul";"BOM DESTINO N 05";"Ibura";"UR-05";"Área de Risco Nível 2";" -8.131363";"-34.956531"
"Sul";"BOM DESTINO N 25";"Ibura";"UR-05";"Área de Risco Nível 4";" -8.131102";"-34.956103"
"Sul";"BOM DESTINO N 30";"Ibura";"UR-05";"Área de Risco Nível 4";" -8.131139";"-34.956076"
"Sul";"TRV, BOM DESTINO N 35";"Ibura";"UR-05";"Área de Risco Nível 4";" -8.131256";"-34.956086"
"Sul";"BOM DESTINO N 335 A";"Ibura";"UR-05";"Área de Risco Nível 4";" -8.130497";"-34.956109"
"Sul";"BOM DESTINO N 28";"Ibura";"UR-05";"Área de Risco Nível 2";" -8.130307";"-34.956017"
"Sul";"BOM DESTINO N 390";"Ibura";"UR-05";"Área de Risco Nível 2";" -8.130207";"-34.956198"
"Sul";"BOM DESTINO N 409";"Ibura";"UR-05";"Área de Risco Nível 2";" -8.130236";"-34.955781"
"Sul";"BOM DESTINO N A, 409";"Ibura";"UR-05";"Área de Risco Nível 3";" -8.130326";"-34.955836"
"Sul";"BOM DESTINO N B, 409";"Ibura";"UR-05";"Área de Risco Nível 2";" -8.130182";"-34.955799"
"Sul";"BOM DESTINO N 50";"Ibura";"UR-05";"Área de Risco Nível 3";" -8.130596";"-34.956164"
"Sul";"BOM DESTINO N 320";"Ibura";"UR-05";"Área de Risco Nível 2";" -8.130858";"-34.956211"
"Sul";"BOM DESTINO N 80";"Ibura";"UR-05";"Área de Risco Nível 3";" -8.130984";"-34.956338"
"Sul";"Rua 5 Travessa Irakitan N 576";"Jordão";"Jordão Alto";"Área de Risco Nível 3";" -8.136404";"-34.940161"
"Sul";"Rua 5 Travessa Irakitan N 576 Em frente";"Jordão";"Jordão Alto";"Área de Risco Nível 3";" -8.136404";"-34.940161"
"Sul";"Rua 5 Travessa Irakitan N 577";"Jordão";"Jordão Alto";"Área de Risco Nível 3";" -8.136531";"-34.940153"
"Sul";"Rua 5 Travessa Irakitan N S/N";"Jordão";"Jordão Alto";"Área de Risco Nível 3";" -8.136558";"-34.940153"
"Sul";"Rua 5 Travessa Irakitan N 583";"Jordão";"Jordão Alto";"Área de Risco Nível 3";" -8.136612";"-34.940162"
"Sul";"Rua 5 Travessa Irakitan N 581";"Jordão";"Jordão Alto";"Área de Risco Nível 3";" -8.136621";"-34.940162"
"Sul";"Rua 5 Travessa Irakitan S/N";"Jordão";"Jordão Alto";"Área de Risco Nível 3";" -8.136675";"-34.940162"
"Sul";"Rua 5 Travessa Irakitan N 589A";"Jordão";"Jordão Alto";"Área de Risco Nível 3";" -8.136748";"-34.940009"
"Sul";"Rua 5 Travessa Irakitan N 589";"Jordão";"Jordão Alto";"Área de Risco Nível 3";" -8.136748";"-34.940127"
"Sul";"Rua 5 Travessa Irakitan N S/N";"Jordão";"Jordão Alto";"Área de Risco Nível 3";" -8.136748";"-34.940127"
"Sul";"Rua 5 Travessa Irakitan N 597";"Jordão";"Jordão Alto";"Área de Risco Nível 3";" -8.136865";"-34.940136"
"Sul";"Rua 5 Travessa Irakitan N S/N";"Jordão";"Jordão Alto";"Área de Risco Nível 3";" -8.136820";"-34.940145"
"Sul";"DOIS LEÕES N 42";"Ibura";"UR-05";"Área de Risco Nível 2";" -8.133323";"-34.954853"
"Sul";"DOIS LEÕES N 10";"Ibura";"UR-05";"Área de Risco Nível 3";" -8.133359";"-34.954925"
"Sul";"DOIS LEÕES N 30";"Ibura";"UR-05";"Área de Risco Nível 3";" -8.133377";"-34.955016"
"Sul";"DOIS LEÕES N 25";"Ibura";"UR-05";"Área de Risco Nível 3";" -8.133367";"-34.955116"
"Sul";"DOIS LEÕES N 26";"Ibura";"UR-05";"Área de Risco Nível 3";" -8.133403";"-34.955125"
"Sul";"DOIS LEÕES N 162";"Ibura";"UR-05";"Área de Risco Nível 3";" -8.133557";"-34.955090"
"Sul";"DOIS LEÕES N 190";"Ibura";"UR-05";"Área de Risco Nível 3";" -8.133620";"-34.955108"
"Sul";"RABILO N 41";"Ibura";"UR-05";"Área de Risco Nível 3";" -8.133107";"-34.954616"
"Sul";"RABILO N 04";"Ibura";"UR-05";"Área de Risco Nível 3";" -8.133134";"-34.954734"
"Sul";"RABILO N 40";"Ibura";"UR-05";"Área de Risco Nível 2";" -8.133143";"-34.954725"
"Sul";"2 TRV, RABILO N 04";"Ibura";"UR-05";"Área de Risco Nível 3";" -8.133146";"-34.954099"
"Sul";"2 TRV, RABILO N 09";"Ibura";"UR-05";"Área de Risco Nível 3";" -8.132531";"-34.954114"
"Sul";"2 TRV, RABILO N 192";"Ibura";"UR-05";"Área de Risco Nível 3";" -8.132530";"-34.954295"
"Sul";"2 TRV, RABILO N 406";"Ibura";"UR-05";"Área de Risco Nível 3";" -8.132476";"-34.954286"
"Sul";"2 TRV, RABILO N 405";"Ibura";"UR-05";"Área de Risco Nível 3";" -8.132503";"-34.954395"
"Sul";"2 TRV, RABILO N 404";"Ibura";"UR-05";"Área de Risco Nível 3";" -8.132431";"-34.954395"
"Sul";"2 TRV, RABILO N 384 B";"Ibura";"UR-05";"Área de Risco Nível 3";" -8.132476";"-34.954422"
"Sul";"2 TRV, RABILO N 384 A";"Ibura";"UR-05";"Área de Risco Nível 3";" -8.132484";"-34.954495"
"Sul";"2 TRV, RABILO N 87 A";"Ibura";"UR-05";"Área de Risco Nível 3";" -8.132484";"-34.954622"
"Sul";"2 TRV, RABILO N 87 B";"Ibura";"UR-05";"Área de Risco Nível 3";" -8.132570";"-34.957271"
"Sul";"RABILO N 384";"Ibura";"UR-05";"Área de Risco Nível 3";" -8.132393";"-34.954712"
"Sul";"RABILO N 382";"Ibura";"UR-05";"Área de Risco Nível 3";" -8.132429";"-34.954767"
"Sul";"RABILO N 345";"Ibura";"UR-05";"Área de Risco Nível 3";" -8.132401";"-34.954821"
"Sul";"RABILO N 381";"Ibura";"UR-05";"Área de Risco Nível 3";" -8.132483";"-34.954830"
"Sul";"RABILO N 344";"Ibura";"UR-05";"Área de Risco Nível 3";" -8.132482";"-34.954912"
"Sul";"RABILO N 402";"Ibura";"UR-05";"Área de Risco Nível 3";" -8.132267";"-34.954603"
"Sul";"RABILO N 461";"Ibura";"UR-05";"Área de Risco Nível 3";" -8.132267";"-34.954603"
"Sul";"RABILO N 410";"Ibura";"UR-05";"Área de Risco Nível 3";" -8.132106";"-34.954266"
"Sul";"RABILO N 408";"Ibura";"UR-05";"Área de Risco Nível 3";" -8.132241";"-34.954285"
"Sul";"RABILO N 460";"Ibura";"UR-05";"Área de Risco Nível 3";" -8.132142";"-34.954130"
"Sul";"RABILO N 471";"Ibura";"UR-05";"Área de Risco Nível 3";" -8.131826";"-34.954129"
"Sul";"Rua Césio Regueiro Costa N 25";"Jordão";"Costa Porto";"Área de Risco Nível 3";" -8.132487";"-34.934989"
"Sul";"Rua Césio Regueiro Costa N 35";"Jordão";"Costa Porto";"Área de Risco Nível 3";" -8.132469";"-34.934953"
"Sul";"Rua Césio Regueiro Costa N 45";"Jordão";"Costa Porto";"Área de Risco Nível 3";" -8.132433";"-34.934925"
"Sul";"Rua Césio Regueiro Costa N 36";"Jordão";"Costa Porto";"Área de Risco Nível 3";" -8.132532";"-34.935017"
"Sul";"Rua Professor Manoel A, Morais  N 05";"Jordão";"Costa Porto";"Área de Risco Nível 3";" -8.132452";"-34.934898"
"Sul";"Rua Professor Manoel A, Morais  N 1112";"Jordão";"Costa Porto";"Área de Risco Nível 3";" -8.132534";"-34.934754"
"Sul";"Rua Professor Manoel A, Morais  N S/N";"Jordão";"Costa Porto";"Área de Risco Nível 3";" -8.132597";"-34.934672"
"Sul";"Rua ConSul Joseph Noujain  N 64";"Jordão";"Costa Porto";"Área de Risco Nível 3";" -8.132743";"-34.934355"
"Sul";"Rua ConSul Joseph Noujain  N 23";"Jordão";"Costa Porto";"Área de Risco Nível 3";" -8.132680";"-34.934310"
"Sul";"Rua ConSul Joseph Noujain  N 64";"Jordão";"Costa Porto";"Área de Risco Nível 3";" -8.132680";"-34.934391"
"Sul";"Rua Maripousa N 10";"Jordão";"Costa Porto";"Área de Risco Nível 3";" -8.132300";"-34.934408"
"Sul";"Rua Maripousa N 10A";"Jordão";"Costa Porto";"Área de Risco Nível 3";" -8.132337";"-34.934353"
"Sul";"Rua Maripousa N 10 -ao lado";"Jordão";"Costa Porto";"Área de Risco Nível 3";" -8.132373";"-34.934272"
"Sul";"Rua Colônia N 143A";"Ibura";"Vila do Sesi";"Não Informado";" -8.108657";"-34.942532"
"Sul";"Rua Monsenhor João Olimpio dos Santos n 30";"Ibura";"Vila do Sesi";"Não Informado";" -8.108611";"-34.942649"
"Sul";"Rua Monsenhor João Olimpio dos Santos n 555";"Ibura";"Vila do Sesi";"Área de Risco Nível 3";" -8.108656";"-34.942595"
"Sul";"Rua Monsenhor João Olimpio dos Santos n 10";"Ibura";"Vila do Sesi";"Área de Risco Nível 3";" -8.108701";"-34.942623"
"Sul";"Rua Monsenhor João Olimpio dos Santos n S/N";"Ibura";"Vila do Sesi";"Área de Risco Nível 3";" -8.108765";"-34.942650"
"Sul";"Rua Monsenhor João Olimpio dos Santos n S/N";"Ibura";"Vila do Sesi";"Área de Risco Nível 3";" -8.108520";"-34.942722"
"Sul";"Rua Monsenhor João Olimpio dos Santos n S/N";"Ibura";"Vila do Sesi";"Área de Risco Nível 3";" -8.108601";"-34.942749"
"Sul";"Rua Monsenhor João Olimpio dos Santos n 92";"Ibura";"Vila do Sesi";"Área de Risco Nível 3";" -8.108610";"-34.942795"
"Sul";"Rua Monsenhor João Olimpio dos Santos n S/N";"Ibura";"Vila do Sesi";"Área de Risco Nível 3";" -8.108574";"-34.942803"
"Sul";"Rua Monsenhor João Olimpio dos Santos n S/N";"Ibura";"Vila do Sesi";"Área de Risco Nível 3";" -8.108601";"-34.942749"
"Sul";"Rua Monsenhor João Olimpio dos Santos n 82";"Ibura";"Vila do Sesi";"Área de Risco Nível 3";" -8.108692";"-34.942804"
"Sul";"Rua Monsenhor João Olimpio dos Santos n 82A";"Ibura";"Vila do Sesi";"Área de Risco Nível 3";" -8.108701";"-34.942804"
"Sul";"Rua Monsenhor João Olimpio dos Santos n 83";"Ibura";"Vila do Sesi";"Área de Risco Nível 3";" -8.108790";"-34.942950"
"Sul";"Rua Monsenhor João Olimpio dos Santos n S/N";"Ibura";"Vila do Sesi";"Não Informado";" -8.108611";"-34.942622"
"Sul";"Rua Monsenhor João Olimpio dos Santos n 93";"Ibura";"Vila do Sesi";"Não Informado";" -8.108620";"-34.942595"
"Sul";"Rua 4 TRAV, IRAKITANN 533";"Jordão";"Jordão Alto";"Área de Risco Nível 3";" -8.136664";"-34.940734"
"Sul";"Rua 4 TRAV, IRAKITANN 531";"Jordão";"Jordão Alto";"Área de Risco Nível 3";" -8.136682";"-34.940725"
"Sul";"Rua 4 TRAV, IRAKITANN 09";"Jordão";"Jordão Alto";"Área de Risco Nível 3";" -8.136573";"-34.940743"
"Sul";"Rua 4 TRAV, IRAKITANN 10";"Jordão";"Jordão Alto";"Área de Risco Nível 3";" -8.136582";"-34.940752"
"Sul";"Rua 4 TRAV, IRAKITANN 539A";"Jordão";"Jordão Alto";"Área de Risco Nível 3";" -8.136682";"-34.940689"
"Sul";"Rua 4 TRAV, IRAKITANN 535A";"Jordão";"Jordão Alto";"Área de Risco Nível 3";" -8.136664";"-34.940580"
"Sul";"Rua 4 TRAV, IRAKITANN 532";"Jordão";"Jordão Alto";"Área de Risco Nível 3";" -8.136692";"-34.940544"
"Sul";"Rua 4 TRAV, IRAKITANN 525";"Jordão";"Jordão Alto";"Área de Risco Nível 3";" -8.136592";"-34.940507"
"Sul";"Rua 4 TRAV, IRAKITANN 521";"Jordão";"Jordão Alto";"Área de Risco Nível 3";" -8.136783";"-34.940372"
"Sul";"Rua 4 TRAV, IRAKITANN 535B";"Jordão";"Jordão Alto";"Área de Risco Nível 3";" -8.136890";"-34.940581"
"Sul";"Rua 4 TRAV, IRAKITANN 520";"Jordão";"Jordão Alto";"Área de Risco Nível 3";" -8.136756";"-34.940381"
"Sul";"Rua 4 TRAV, IRAKITANN 513";"Jordão";"Jordão Alto";"Área de Risco Nível 3";" -8.136755";"-34.940435"
"Sul";"Rua 4 TRAV, IRAKITANN EM FRENTE A 539";"Jordão";"Jordão Alto";"Área de Risco Nível 3";" -8.136847";"-34.940263"
"Sul";"Rua 2 TRAV, BONERGES PEREIRAN 539 EM FRENTE";"Jordão";"Jordão Alto";"Área de Risco Nível 3";" -8.136329";"-34.940751"
"Sul";"Rua 2 TRAV, BONERGES PEREIRAN 539";"Jordão";"Jordão Alto";"Área de Risco Nível 3";" -8.136347";"-34.940805"
"Sul";"Rua 2 TRAV, BONERGES PEREIRAN 539 457";"Jordão";"Jordão Alto";"Área de Risco Nível 3";" -8.136356";"-34.940814"
"Sul";"Rua 2 TRAV, BONERGES PEREIRAN 539 541";"Jordão";"Jordão Alto";"Área de Risco Nível 3";" -8.136374";"-34.940869"
"Sul";"AV, DONA CARENTINA N 685 AB";"Jordão";"Jordão Alto";"Área de Risco Nível 3";" -8.135425";"-34.938904"
"Sul";"AV, DONA CARENTINA N 686";"Jordão";"Jordão Alto";"Área de Risco Nível 3";" -8.135479";"-34.938914"
"Sul";"AV, DONA CARENTINA N 687";"Jordão";"Jordão Alto";"Área de Risco Nível 3";" -8.135506";"-34.938887"
"Sul";"AV, DONA CARENTINA N 688";"Jordão";"Jordão Alto";"Área de Risco Nível 3";" -8.135651";"-34.938887"
"Sul";"AV, DONA CARENTINA N 689";"Jordão";"Jordão Alto";"Área de Risco Nível 3";" -8.135579";"-34.938896"
"Sul";"AV, DONA CARENTINA N 683";"Jordão";"Jordão Alto";"Área de Risco Nível 3";" -8.134756";"-34.938901"
"Sul";"2 TRAV, DONA CARENTINA S/N";"Jordão";"Jordão Alto";"Área de Risco Nível 3";" -8.135723";"-34.938997"
"Sul";"2 TRAV, DONA CARENTINA N 681";"Jordão";"Jordão Alto";"Área de Risco Nível 3";" -8.135840";"-34.939015"
"Sul";"2 TRAV, DONA CARENTINA N S/N";"Jordão";"Jordão Alto";"Área de Risco Nível 3";" -8.135913";"-34.939007"
"Sul";"2 TRAV, DONA CARENTINA N 681A";"Jordão";"Jordão Alto";"Área de Risco Nível 3";" -8.135994";"-34.939007"
"Sul";"2 TRAV, DONA CARENTINA N 687";"Jordão";"Jordão Alto";"Área de Risco Nível 3";" -8.136093";"-34.938998"
"Sul";"2 TRAV, DONA CARENTINA N 691";"Jordão";"Jordão Alto";"Área de Risco Nível 3";" -8.136148";"-34.939017"
"Sul";"2 TRAV, DONA CARENTINA N 695B";"Jordão";"Jordão Alto";"Área de Risco Nível 3";" -8.136193";"-34.939044"
"Sul";"2 TRAV, DONA CARENTINA N 692";"Jordão";"Jordão Alto";"Área de Risco Nível 3";" -8.136292";"-34.939108"
"Sul";"2 TRAV, DONA CARENTINA N S/N";"Jordão";"Jordão Alto";"Área de Risco Nível 3";" -8.136328";"-34.939000"
"Sul";"2 TRAV, DONA CARENTINA N 697";"Jordão";"Jordão Alto";"Área de Risco Nível 3";" -8.136374";"-34.939018"
"Sul";"2 TRAV, DONA CARENTINA N S/N";"Jordão";"Jordão Alto";"Área de Risco Nível 3";" -8.136356";"-34.938963"
"Sul";"2 TRAV, DONA CARENTINA N 701";"Jordão";"Jordão Alto";"Área de Risco Nível 3";" -8.136374";"-34.938954"
"Sul";"2 TRAV, DONA CARENTINA N S/N";"Jordão";"Jordão Alto";"Área de Risco Nível 3";" -8.136383";"-34.938936"
"Sul";"2 TRAV, DONA CARENTINA N 705";"Jordão";"Jordão Alto";"Área de Risco Nível 3";" -8.136483";"-34.938873"
"Sul";"2 TRAV, DONA CARENTINA N 705A";"Jordão";"Jordão Alto";"Área de Risco Nível 3";" -8.136438";"-34.938764"
"Sul";"2 TRAV, DONA CARENTINA N 710";"Jordão";"Jordão Alto";"Área de Risco Nível 3";" -8.136510";"-34.938765"
"Sul";"2 TRAV, DONA CARENTINA N S/N";"Jordão";"Jordão Alto";"Área de Risco Nível 3";" -8.136402";"-34.938764"
"Sul";"2 TRAV, DONA CARENTINA N 60";"Jordão";"Jordão Alto";"Área de Risco Nível 3";" -8.136348";"-34.938764"
"Sul";"2 TRAV, DONA CARENTINA N 70";"Jordão";"Jordão Alto";"Área de Risco Nível 3";" -8.136275";"-34.938772"
"Sul";"2 TRAV, DONA CARENTINA N S/N";"Jordão";"Jordão Alto";"Área de Risco Nível 3";" -8.136221";"-34.938790"
"Sul";"2 TRAV, DONA CARENTINA N 23";"Jordão";"Jordão Alto";"Área de Risco Nível 3";" -8.135559";"-34.939232"
"Sul";"2 TRAV, DONA CARENTINA N 25";"Jordão";"Jordão Alto";"Área de Risco Nível 3";" -8.135487";"-34.939213"
"Sul";"2 TRAV, DONA CARENTINA N 20B";"Jordão";"Jordão Alto";"Área de Risco Nível 3";" -8.135469";"-34.939159"
"Sul";"2 TRAV, DONA CARENTINA N 350";"Jordão";"Jordão Alto";"Área de Risco Nível 3";" -8.135424";"-34.939122"
"Sul";"2 TRAV, DONA CARENTINA N 201";"Jordão";"Jordão Alto";"Área de Risco Nível 3";" -8.135406";"-34.939113"
"Sul";"2 TRAV, DONA CARENTINA N 06";"Jordão";"Jordão Alto";"Área de Risco Nível 3";" -8.135334";"-34.939004"
"Sul";"2 TRAV, DONA CARENTINA N 02";"Jordão";"Jordão Alto";"Área de Risco Nível 3";" -8.135280";"-34.938931"
"Sul";"2 TRAV, DONA CARENTINA N 8A";"Jordão";"Jordão Alto";"Área de Risco Nível 3";" -8.135235";"-34.938913"
"Sul";"2 TRAV, DONA CARENTINA N 8F";"Jordão";"Jordão Alto";"Área de Risco Nível 3";" -8.135199";"-34.938822"
"Sul";"AV, DONA CARENTINA N 685 AB";"Jordão";"Jordão Alto";"Área de Risco Nível 3";" -8.135425";"-34.938904"
"Sul";"AV, DONA CARENTINA N 686";"Jordão";"Jordão Alto";"Área de Risco Nível 3";" -8.135479";"-34.938914"
"Sul";"AV, DONA CARENTINA N 687";"Jordão";"Jordão Alto";"Área de Risco Nível 3";" -8.135506";"-34.938887"
"Sul";"AV, DONA CARENTINA N 688";"Jordão";"Jordão Alto";"Área de Risco Nível 3";" -8.135651";"-34.938887"
"Sul";"AV, DONA CARENTINA N 689";"Jordão";"Jordão Alto";"Área de Risco Nível 3";" -8.135579";"-34.938896"
"Sul";"AV, DONA CARENTINA N 683";"Jordão";"Jordão Alto";"Área de Risco Nível 3";" -8.134756";"-34.938901"
"Sul";"2 TRAV, DONA CARENTINA S/N";"Jordão";"Jordão Alto";"Área de Risco Nível 3";" -8.135723";"-34.938997"
"Sul";"2 TRAV, DONA CARENTINA N 681";"Jordão";"Jordão Alto";"Área de Risco Nível 3";" -8.135840";"-34.939015"
"Sul";"2 TRAV, DONA CARENTINA N S/N";"Jordão";"Jordão Alto";"Área de Risco Nível 3";" -8.135913";"-34.939007"
"Sul";"2 TRAV, DONA CARENTINA N 681A";"Jordão";"Jordão Alto";"Área de Risco Nível 3";" -8.135994";"-34.939007"
"Sul";"2 TRAV, DONA CARENTINA N 687";"Jordão";"Jordão Alto";"Área de Risco Nível 3";" -8.136093";"-34.938998"
"Sul";"2 TRAV, DONA CARENTINA N 691";"Jordão";"Jordão Alto";"Área de Risco Nível 3";" -8.136148";"-34.939017"
"Sul";"2 TRAV, DONA CARENTINA N 695B";"Jordão";"Jordão Alto";"Área de Risco Nível 3";" -8.136193";"-34.939044"
"Sul";"2 TRAV, DONA CARENTINA N 692";"Jordão";"Jordão Alto";"Área de Risco Nível 3";" -8.136292";"-34.939108"
"Sul";"2 TRAV, DONA CARENTINA N S/N";"Jordão";"Jordão Alto";"Área de Risco Nível 3";" -8.136328";"-34.939000"
"Sul";"2 TRAV, DONA CARENTINA N 697";"Jordão";"Jordão Alto";"Área de Risco Nível 3";" -8.136374";"-34.939018"
"Sul";"2 TRAV, DONA CARENTINA N S/N";"Jordão";"Jordão Alto";"Área de Risco Nível 3";" -8.136356";"-34.938963"
"Sul";"2 TRAV, DONA CARENTINA N 701";"Jordão";"Jordão Alto";"Área de Risco Nível 3";" -8.136374";"-34.938954"
"Sul";"2 TRAV, DONA CARENTINA N S/N";"Jordão";"Jordão Alto";"Área de Risco Nível 3";" -8.136383";"-34.938936"
"Sul";"2 TRAV, DONA CARENTINA N 705";"Jordão";"Jordão Alto";"Área de Risco Nível 3";" -8.136483";"-34.938873"
"Sul";"2 TRAV, DONA CARENTINA N 705A";"Jordão";"Jordão Alto";"Área de Risco Nível 3";" -8.136438";"-34.938764"
"Sul";"2 TRAV, DONA CARENTINA N 710";"Jordão";"Jordão Alto";"Área de Risco Nível 3";" -8.136510";"-34.938765"
"Sul";"2 TRAV, DONA CARENTINA N S/N";"Jordão";"Jordão Alto";"Área de Risco Nível 3";" -8.136402";"-34.938764"
"Sul";"2 TRAV, DONA CARENTINA N 60";"Jordão";"Jordão Alto";"Área de Risco Nível 3";" -8.136348";"-34.938764"
"Sul";"2 TRAV, DONA CARENTINA N 70";"Jordão";"Jordão Alto";"Área de Risco Nível 3";" -8.136275";"-34.938772"
"Sul";"2 TRAV, DONA CARENTINA N S/N";"Jordão";"Jordão Alto";"Área de Risco Nível 3";" -8.136221";"-34.938790"
"Sul";"2 TRAV, DONA CARENTINA N 23";"Jordão";"Jordão Alto";"Área de Risco Nível 3";" -8.135559";"-34.939232"
"Sul";"2 TRAV, DONA CARENTINA N 25";"Jordão";"Jordão Alto";"Área de Risco Nível 3";" -8.135487";"-34.939213"
"Sul";"2 TRAV, DONA CARENTINA N 20B";"Jordão";"Jordão Alto";"Área de Risco Nível 3";" -8.135469";"-34.939159"
"Sul";"2 TRAV, DONA CARENTINA N 350";"Jordão";"Jordão Alto";"Área de Risco Nível 3";" -8.135424";"-34.939122"
"Sul";"2 TRAV, DONA CARENTINA N 201";"Jordão";"Jordão Alto";"Área de Risco Nível 3";" -8.135406";"-34.939113"
"Sul";"2 TRAV, DONA CARENTINA N 06";"Jordão";"Jordão Alto";"Área de Risco Nível 3";" -8.135334";"-34.939004"
"Sul";"2 TRAV, DONA CARENTINA N 02";"Jordão";"Jordão Alto";"Área de Risco Nível 3";" -8.135280";"-34.938931"
"Sul";"2 TRAV, DONA CARENTINA N 8A";"Jordão";"Jordão Alto";"Área de Risco Nível 3";" -8.135235";"-34.938913"
"Sul";"2 TRAV, DONA CARENTINA N 8F";"Jordão";"Jordão Alto";"Área de Risco Nível 3";" -8.135199";"-34.938822"
"Sul";"Rua Cafarnaum n 167";"Jordão";"Jordão Baixo";"Área de Risco Nível 3";" -8.138517";"-34.929411"
"Sul";"Rua Cafarnaum n 03";"Jordão";"Jordão Baixo";"Área de Risco Nível 3";" -8.138507";"-34.929466"
"Sul";"Rua Cafarnaum n 167 B";"Jordão";"Jordão Baixo";"Área de Risco Nível 3";" -8.138471";"-34.929502"
"Sul";"Rua Cafarnaum n  205";"Jordão";"Jordão Baixo";"Área de Risco Nível 3";" -8.138471";"-34.929502"
"Sul";"Rua Cafarnaum n 207";"Jordão";"Jordão Baixo";"Área de Risco Nível 3";" -8.138453";"-34.929511"
"Sul";"Rua Cafarnaum n 68";"Jordão";"Jordão Baixo";"Área de Risco Nível 3";" -8.138381";"-34.929519"
"Sul";"Rua Cafarnaum n  217";"Jordão";"Jordão Baixo";"Área de Risco Nível 3";" -8.138344";"-34.929528"
"Sul";"Rua Cafarnaum n 38";"Jordão";"Jordão Baixo";"Área de Risco Nível 3";" -8.137992";"-34.929518"
"Sul";"Rua Cafarnaum n 108";"Jordão";"Jordão Baixo";"Área de Risco Nível 3";" -8.137992";"-34.929499"
"Sul";"Rua Cafarnaum n 72";"Jordão";"Jordão Baixo";"Área de Risco Nível 3";" -8.138272";"-34.929519"
"Sul";"Rua Cafarnaum n 229";"Jordão";"Jordão Baixo";"Área de Risco Nível 3";" -8.138245";"-34.929510"
"Sul";"Rua Cafarnaum n 74";"Jordão";"Jordão Baixo";"Área de Risco Nível 3";" -8.138182";"-34.929509"
"Sul";"Rua Cafarnaum n 232";"Jordão";"Jordão Baixo";"Área de Risco Nível 3";" -8.138173";"-34.929509"
"Sul";"Rua Cafarnaum n 76";"Jordão";"Jordão Baixo";"Área de Risco Nível 3";" -8.138127";"-34.929509"
"Sul";"Rua Cafarnaum n 82";"Jordão";"Jordão Baixo";"Área de Risco Nível 3";" -8.138073";"-34.929509"
"Sul";"Rua Cafarnaum n 233";"Jordão";"Jordão Baixo";"Área de Risco Nível 3";" -8.138055";"-34.929518"
"Sul";"Rua Cafarnaum n 235";"Jordão";"Jordão Baixo";"Área de Risco Nível 3";" -8.138001";"-34.929527"
"Sul";"Rua Cafarnaum n 235 A";"Jordão";"Jordão Baixo";"Área de Risco Nível 3";" -8.138001";"-34.929527"
"Sul";"Rua Cafarnaum n 235 B";"Jordão";"Jordão Baixo";"Área de Risco Nível 3";" -8.138001";"-34.929527"
"Sul";"Rua Cafarnaum n 237";"Jordão";"Jordão Baixo";"Área de Risco Nível 3";" -8.137874";"-34.929499"
"Sul";"Rua Cafarnaum n 110";"Jordão";"Jordão Baixo";"Área de Risco Nível 3";" -8.137856";"-34.929517"
"Sul";"Rua 22 de Agosto n 104";"Jordão";"Jordão Baixo";"Área de Risco Nível 3";" -8.137956";"-34.929372"
"Sul";"Rua 22 de Agosto n 102";"Jordão";"Jordão Baixo";"Área de Risco Nível 3";" -8.138056";"-34.929309"
"Sul";"Rua 22 de Agosto n 102A";"Jordão";"Jordão Baixo";"Área de Risco Nível 3";" -8.138056";"-34.929309"
"Sul";"Rua 22 de Agosto n 102 B";"Jordão";"Jordão Baixo";"Área de Risco Nível 3";" -8.138056";"-34.929309"
"Sul";"Rua 22 de Agosto n 101";"Jordão";"Jordão Baixo";"Área de Risco Nível 3";" -8.138092";"-34.929264"
"Sul";"Rua 22 de Agosto n 04";"Jordão";"Jordão Baixo";"Área de Risco Nível 3";" -8.138129";"-34.929246"
"Sul";"Rua 22 de Agosto n 104 A";"Jordão";"Jordão Baixo";"Área de Risco Nível 3";" -8.138156";"-34.929201"
"Sul";"Rua 22 de Agosto n 85";"Jordão";"Jordão Baixo";"Área de Risco Nível 3";" -8.138174";"-34.929183"
"Sul";"Rua 22 de Agosto n  93B";"Jordão";"Jordão Baixo";"Área de Risco Nível 3";" -8.138229";"-34.929110"
"Sul";"Rua 22 de Agosto n 93";"Jordão";"Jordão Baixo";"Área de Risco Nível 3";" -8.138256";"-34.929074"
"Sul";"Rua 22 de Agosto n 90";"Jordão";"Jordão Baixo";"Área de Risco Nível 3";" -8.138382";"-34.929193"
